"","Name","Features","median_val","min_val","RF_Val","SVM_Val","LR_Val","NB_Val","median_test_EF","min_test_EF","RF_test_EF","SVM_test_EF","LR_test_EF","NB_test_EF","median_test_H","min_test_H","RF_test_H","SVM_test_H","LR_test_H","NB_test_H"
"1","AUCpr___Ranking_FS___FBW___interpolation__TRUE___Clinical__Yes___OR_Radiomics___0.05___Combine_FS__Results_compare_FS.RData","IVH_RVRI_20_0.05;IVH_RVRI_30_0.05;IVH_RVRI_40_0.05;Shape_areaDensityBE_0.05;IVH_RVRI_50_0.05",0.435992016969958,0.394314309056956,0.408804528804529,0.564561964179611,0.394314309056956,0.463179505135387,0.374401225443273,0.355947979800201,0.381752149876674,0.476938700647823,0.367050301009873,0.355947979800201,0.63188429217841,0.57283411033411,0.646255596255596,0.617512988101223,0.57283411033411,0.724234407567741
"2","AUCpr___Ranking_FS___FBW___interpolation__TRUE___Clinical__No___OR_Radiomics___0.05___Combine_FS__Results_compare_FS.RData","Stats_qcod_0.05;IVH_RVRI_40_0.05;IH_maxGrad_0.05;IVH_RVRI_60_0.05;IVH_RVRI_20_0.05",0.436372640431464,0.382520979020979,0.382520979020979,0.399779857397504,0.472965423465423,0.473541783380019,0.357896234512494,0.331115858475489,0.36304383037445,0.331115858475489,0.352748638650539,0.37042721960534,0.518459808165691,0.422273151684916,0.422273151684916,0.513468013468014,0.523451602863368,0.584692005525339
"3","AUCpr___Ranking_FS___FBW___interpolation__TRUE___Clinical__Yes___OR_Radiomics___0.1___Combine_FS__Results_compare_FS.RData","IVH_RVRI_40_0.1;Stats_qcod_0.1;IVH_RVRI_60_0.1;IVH_RVRI_30_0.1;IVH_RVRI_50_0.1",0.407536615345439,0.292372860255213,0.398261294261294,0.292372860255213,0.416811936429583,0.549285714285714,0.350416787948326,0.336418320042682,0.362175991096601,0.345475743279118,0.336418320042682,0.355357832617534,0.592689101022434,0.432027232027232,0.50676607343274,0.432027232027232,0.678612128612129,0.688481888481889
"4","AUCpr___Ranking_FS___FBW___interpolation__TRUE___Clinical__No___OR_Radiomics___0.1___Combine_FS__Results_compare_FS.RData","IVH_RVRI_20_0.1;IVH_RVRI_40_0.1;Stats_qcod_0.1;IVH_RVRI_60_0.1;IVH_RVRI_30_0.1",0.448500151808975,0.398813908313908,0.398813908313908,0.44728749028749,0.44971281333046,0.498811319399555,0.383488235014927,0.371575232847519,0.388265015705654,0.393434820495641,0.371575232847519,0.378711454324199,0.607423132423133,0.525042087542088,0.550885225885226,0.663961038961039,0.525042087542088,0.693069430569431
"5","AUCpr___Ranking_FS___FBW___interpolation__TRUE___Clinical__Yes___OR_Radiomics___0.2___Combine_FS__Results_compare_FS.RData","IVH_RVRI_40_0.2;IVH_RVRI_20_0.2;Stats_qcod_0.2;IVH_RVRI_30_0.2;Stats_cov_0.2",0.467030982089806,0.411962121212121,0.411962121212121,0.455257575757576,0.478804388422035,0.504506069094304,0.381087713403879,0.363597047278678,0.363597047278678,0.376208441835592,0.385966984972166,0.394821304563531,0.595405030699148,0.548148148148148,0.548148148148148,0.616848220769789,0.573961840628507,0.721219983719984
"6","AUCpr___Ranking_FS___FBW___interpolation__TRUE___Clinical__No___OR_Radiomics___0.2___Combine_FS__Results_compare_FS.RData","IVH_RVRI_30_0.2;IVH_RVRI_20_0.2;IVH_RVRI_40_0.2;Shape_areaDensityBE_0.2;Stats_qcod_0.2",0.456489867158985,0.444237829980477,0.446064935064935,0.579084471084471,0.444237829980477,0.466914799253035,0.390010269704227,0.348200423631963,0.424018197075203,0.484202568871356,0.348200423631963,0.356002342333251,0.668265993265993,0.580313051146384,0.715432098765432,0.621099887766554,0.580313051146384,0.728042328042328
"7","AUCpr___Ranking_FS___FBW___interpolation__TRUE___Clinical__Yes___OR_Radiomics___0.5___Combine_FS__Results_compare_FS.RData","IVH_RVRI_30_0.5;IH_maxGrad_0.5;IVH_RVRI_40_0.5;IVH_RVRI_20_0.5;Stats_qcod_0.5",0.445545480663128,0.433849206349206,0.433849206349206,0.448056414174061,0.443034547152194,0.448098837437073,0.402057836665785,0.387015679182493,0.406515846772143,0.397599826559428,0.387015679182493,0.420878824722324,0.634992707909375,0.556995727583963,0.591424162257496,0.678561253561254,0.556995727583963,0.726752822341058
"8","AUCpr___Ranking_FS___FBW___interpolation__TRUE___Clinical__No___OR_Radiomics___0.5___Combine_FS__Results_compare_FS.RData","IVH_RVRI_20_0.5;IH_maxGrad_0.5;IVH_RVRI_40_0.5;Shape_areaDensityBE_0.5;IVH_RVRI_30_0.5",0.496196990917579,0.395146920889568,0.52459348984349,0.493334967320261,0.395146920889568,0.499059014514897,0.391191622154711,0.34989332778806,0.411181889468985,0.424608918700603,0.34989332778806,0.371201354840438,0.698523440067558,0.552843915343915,0.552843915343915,0.799299719887955,0.660445572945573,0.736601307189543
"9","AUCpr___Ranking_FS___FBW___interpolation__TRUE___Clinical__Yes___OR_Radiomics___ALL___Combine_FS__Results_compare_FS.RData","IH_maxGrad_0.5;IH_maxGrad_0.05;Shape_areaDensityBE_0.1;IVH_RVRI_40_0.2;IVH_RVRI_20_0.05",0.505579587895764,0.389288844325609,0.488150072150072,0.587765567765568,0.389288844325609,0.523009103641457,0.362499404366541,0.325598406301143,0.39831297220822,0.431595219863231,0.326685836524861,0.325598406301143,0.566179962013295,0.499676503598072,0.499676503598072,0.505943802022233,0.648160018993352,0.626416122004357
"10","AUCpr___Ranking_FS___FBW___interpolation__TRUE___Clinical__No___OR_Radiomics___ALL___Combine_FS__Results_compare_FS.RData","IVH_RVRI_20_0.05;IH_maxGrad_0.5;IH_kurtosis_0.05;IVH_RVRI_30_0.2;IVH_RVRI_60_0.05",0.426804229267465,0.394440170940171,0.394440170940171,0.515891690009337,0.414696545284781,0.438911913250149,0.374820689079727,0.352221994723707,0.352221994723707,0.392033365783198,0.357608012376257,0.396396277394133,0.547089765717217,0.488205258793494,0.60628507295174,0.536974699229601,0.488205258793494,0.557204832204832
"11","AUCpr___Ranking_FS___FBW___interpolation__TRUE___Clinical__Yes___TLR_Radiomics___0.05___Combine_FS__Results_compare_FS.RData","IVH_AVRI_90_0.05;GLCM_clusShade_0.05;IVH_AVRI_80_0.05;IVH_RVRI_50_0.05;GLCM_infoCorr2_0.05",0.556073801198801,0.503476190476191,0.535676406926407,0.576471195471195,0.503476190476191,0.603396825396825,0.366327438011106,0.305894697387116,0.48904901474475,0.329164636854787,0.403490239167425,0.305894697387116,0.618681781181781,0.554273504273504,0.554273504273504,0.619047619047619,0.618315943315943,0.633467404055639
"12","AUCpr___Ranking_FS___FBW___interpolation__TRUE___Clinical__No___TLR_Radiomics___0.05___Combine_FS__Results_compare_FS.RData","GLCM_infoCorr2_0.05;IVH_AVRI_90_0.05;IVH_RVRI_50_0.05;GLCM_clusShade_0.05;IVH_RVRI_20_0.05",0.512876851498175,0.391878787878788,0.544120851370851,0.515459595959596,0.391878787878788,0.510294107036754,0.369535821674286,0.320498814620838,0.510623432490388,0.336474770435757,0.402596872912814,0.320498814620838,0.57773558594637,0.546318133573035,0.546318133573035,0.609807222552321,0.578044123632359,0.577427048260382
"13","AUCpr___Ranking_FS___FBW___interpolation__TRUE___Clinical__Yes___TLR_Radiomics___0.1___Combine_FS__Results_compare_FS.RData","IVH_AVRI_90_0.1;IVH_RVRI_20_0.1;GLCM_clusShade_0.1;IVH_RVRI_30_0.1;IVH_RVRI_40_0.1",0.46749299719888,0.379065476190476,0.476674603174603,0.499181818181818,0.379065476190476,0.458311391223156,0.429274224312656,0.37052203773134,0.430090329932987,0.429203204025864,0.429345244599449,0.37052203773134,0.580625982586767,0.531546231546231,0.531546231546231,0.616343170264739,0.632264957264957,0.544908794908795
"14","AUCpr___Ranking_FS___FBW___interpolation__TRUE___Clinical__No___TLR_Radiomics___0.1___Combine_FS__Results_compare_FS.RData","IVH_AVRI_90_0.1;IVH_RVRI_20_0.1;GLCM_clusShade_0.1;Shape_areaDensityBE_0.1;IVH_AVRI_80_0.1",0.466566161371308,0.393729808590103,0.700721500721501,0.499669913419913,0.393729808590103,0.433462409322703,0.378105972970046,0.307207539565029,0.53761097594876,0.401336995410034,0.354874950530058,0.307207539565029,0.687051066217733,0.590102435690671,0.590102435690671,0.72860467419291,0.73478835978836,0.645497458242556
"15","AUCpr___Ranking_FS___FBW___interpolation__TRUE___Clinical__Yes___TLR_Radiomics___0.2___Combine_FS__Results_compare_FS.RData","IVH_AVRI_90_0.2;GLSZM_SAE_0.2;IVH_RVRI_20_0.2;IVH_RVRI_50_0.2;IVH_RVRI_80_0.2",0.4682647760736,0.414194380782616,0.560198412698413,0.510243201243201,0.426286350903998,0.414194380782616,0.351271621455,0.28573903630658,0.348272278529076,0.372519575423777,0.354270964380924,0.28573903630658,0.642864978159096,0.556759906759907,0.556759906759907,0.616183453438355,0.680977818477818,0.669546502879836
"16","AUCpr___Ranking_FS___FBW___interpolation__TRUE___Clinical__No___TLR_Radiomics___0.2___Combine_FS__Results_compare_FS.RData","IVH_AVRI_90_0.2;IVH_RVRI_50_0.2;GLCM_clusShade_0.2;Shape_areaDensityBE_0.2;IVH_RVRI_20_0.2",0.475143700662083,0.360012817248111,0.586035409035409,0.470746031746032,0.360012817248111,0.479541369578134,0.412536467836995,0.345632448142768,0.470313785585161,0.477038890233061,0.354759150088828,0.345632448142768,0.657378832133734,0.579560100393434,0.636489690411259,0.678267973856209,0.700883838383838,0.579560100393434
"17","AUCpr___Ranking_FS___FBW___interpolation__TRUE___Clinical__Yes___TLR_Radiomics___0.5___Combine_FS__Results_compare_FS.RData","IVH_AVRI_90_0.5;IVH_AVRI_80_0.5;IVH_RVRI_50_0.5;IVH_RVRI_90_0.5;Fractal_sd_0.5",0.568606657231657,0.490713064713065,0.675333333333333,0.590789072039072,0.546424242424242,0.490713064713065,0.377690971211309,0.300752459036459,0.388984462980916,0.366397479441703,0.439684585763718,0.300752459036459,0.532778795278795,0.48438336355003,0.496421788088455,0.569135802469136,0.48438336355003,0.643186443186443
"18","AUCpr___Ranking_FS___FBW___interpolation__TRUE___Clinical__No___TLR_Radiomics___0.5___Combine_FS__Results_compare_FS.RData","IVH_AVRI_90_0.5;IVH_RVRI_50_0.5;IVH_RVRI_20_0.5;IVH_AVRI_80_0.5;Fractal_sd_0.5",0.486375509294627,0.403222222222222,0.681362433862434,0.507058802308802,0.403222222222222,0.465692216280452,0.36476337295939,0.31294025469354,0.363355268043764,0.366171477875015,0.368275662951923,0.31294025469354,0.636752136752137,0.512766554433221,0.512766554433221,0.614750064750065,0.694125627458961,0.658754208754209
"19","AUCpr___Ranking_FS___FBW___interpolation__TRUE___Clinical__Yes___TLR_Radiomics___ALL___Combine_FS__Results_compare_FS.RData","GLSZM_SAE_0.2;GLCM_infoCorr2_0.05;IVH_AVRI_90_0.1;GLCM_clusShade_0.05;IVH_AVRI_90_0.5",0.465362991855639,0.433073436367554,0.493221767339414,0.433073436367554,0.437504216371863,0.636364357864358,0.360080403014239,0.292087674596464,0.476056343557191,0.348990629719944,0.371170176308534,0.292087674596464,0.516744620666189,0.507626478459812,0.53030488030488,0.515654352909255,0.507626478459812,0.517834888423124
"20","AUCpr___Ranking_FS___FBW___interpolation__TRUE___Clinical__No___TLR_Radiomics___ALL___Combine_FS__Results_compare_FS.RData","IVH_AVRI_90_0.05;GLCM_infoCorr2_0.05;IVH_RVRI_20_0.2;IVH_AVRI_90_0.2;GLSZM_SAE_0.2",0.517674408108232,0.484215219421102,0.592299253034547,0.502583028083028,0.532765788133435,0.484215219421102,0.345198310661538,0.273059161149584,0.455568403119504,0.318675332636383,0.371721288686694,0.273059161149584,0.549568409985077,0.530023063356397,0.554411175244509,0.573750577672146,0.530023063356397,0.544725644725645
"21","AUCpr___Ranking_FS___FBW___interpolation__FALSE___Clinical__Yes___OR_Radiomics___0.05___Combine_FS__Results_compare_FS.RData","IVH_RVRI_20_0.05;IVH_RVRI_30_0.05;IVH_RVRI_40_0.05;Shape_areaDensityBE_0.05;IVH_RVRI_50_0.05",0.435992016969958,0.394314309056956,0.408804528804529,0.564561964179611,0.394314309056956,0.463179505135387,0.374401225443273,0.355947979800201,0.381752149876674,0.476938700647823,0.367050301009873,0.355947979800201,0.63188429217841,0.57283411033411,0.646255596255596,0.617512988101223,0.57283411033411,0.724234407567741
"22","AUCpr___Ranking_FS___FBW___interpolation__FALSE___Clinical__No___OR_Radiomics___0.05___Combine_FS__Results_compare_FS.RData","Stats_qcod_0.05;IVH_RVRI_40_0.05;IH_maxGrad_0.05;IVH_RVRI_60_0.05;IVH_RVRI_20_0.05",0.436372640431464,0.382520979020979,0.382520979020979,0.399779857397504,0.472965423465423,0.473541783380019,0.357896234512494,0.331115858475489,0.36304383037445,0.331115858475489,0.352748638650539,0.37042721960534,0.518459808165691,0.422273151684916,0.422273151684916,0.513468013468014,0.523451602863368,0.584692005525339
"23","AUCpr___Ranking_FS___FBW___interpolation__FALSE___Clinical__Yes___OR_Radiomics___0.1___Combine_FS__Results_compare_FS.RData","IVH_RVRI_40_0.1;Stats_qcod_0.1;IVH_RVRI_60_0.1;IVH_RVRI_30_0.1;IVH_RVRI_50_0.1",0.407536615345439,0.292372860255213,0.398261294261294,0.292372860255213,0.416811936429583,0.549285714285714,0.350416787948326,0.336418320042682,0.362175991096601,0.345475743279118,0.336418320042682,0.355357832617534,0.592689101022434,0.432027232027232,0.50676607343274,0.432027232027232,0.678612128612129,0.688481888481889
"24","AUCpr___Ranking_FS___FBW___interpolation__FALSE___Clinical__No___OR_Radiomics___0.1___Combine_FS__Results_compare_FS.RData","IVH_RVRI_20_0.1;IVH_RVRI_40_0.1;Stats_qcod_0.1;IVH_RVRI_60_0.1;IVH_RVRI_30_0.1",0.448500151808975,0.398813908313908,0.398813908313908,0.44728749028749,0.44971281333046,0.498811319399555,0.383488235014927,0.371575232847519,0.388265015705654,0.393434820495641,0.371575232847519,0.378711454324199,0.607423132423133,0.525042087542088,0.550885225885226,0.663961038961039,0.525042087542088,0.693069430569431
"25","AUCpr___Ranking_FS___FBW___interpolation__FALSE___Clinical__Yes___OR_Radiomics___0.2___Combine_FS__Results_compare_FS.RData","IVH_RVRI_40_0.2;IVH_RVRI_20_0.2;Stats_qcod_0.2;IVH_RVRI_30_0.2;Stats_cov_0.2",0.467030982089806,0.411962121212121,0.411962121212121,0.455257575757576,0.478804388422035,0.504506069094304,0.381087713403879,0.363597047278678,0.363597047278678,0.376208441835592,0.385966984972166,0.394821304563531,0.595405030699148,0.548148148148148,0.548148148148148,0.616848220769789,0.573961840628507,0.721219983719984
"26","AUCpr___Ranking_FS___FBW___interpolation__FALSE___Clinical__No___OR_Radiomics___0.2___Combine_FS__Results_compare_FS.RData","IVH_RVRI_30_0.2;IVH_RVRI_20_0.2;IVH_RVRI_40_0.2;Shape_areaDensityBE_0.2;Stats_qcod_0.2",0.456489867158985,0.444237829980477,0.446064935064935,0.579084471084471,0.444237829980477,0.466914799253035,0.390010269704227,0.348200423631963,0.424018197075203,0.484202568871356,0.348200423631963,0.356002342333251,0.668265993265993,0.580313051146384,0.715432098765432,0.621099887766554,0.580313051146384,0.728042328042328
"27","AUCpr___Ranking_FS___FBW___interpolation__FALSE___Clinical__Yes___OR_Radiomics___0.5___Combine_FS__Results_compare_FS.RData","IVH_RVRI_30_0.5;IH_maxGrad_0.5;IVH_RVRI_40_0.5;IVH_RVRI_20_0.5;Stats_qcod_0.5",0.445545480663128,0.433849206349206,0.433849206349206,0.448056414174061,0.443034547152194,0.448098837437073,0.402057836665785,0.387015679182493,0.406515846772143,0.397599826559428,0.387015679182493,0.420878824722324,0.634992707909375,0.556995727583963,0.591424162257496,0.678561253561254,0.556995727583963,0.726752822341058
"28","AUCpr___Ranking_FS___FBW___interpolation__FALSE___Clinical__No___OR_Radiomics___0.5___Combine_FS__Results_compare_FS.RData","IVH_RVRI_20_0.5;IH_maxGrad_0.5;IVH_RVRI_40_0.5;Shape_areaDensityBE_0.5;IVH_RVRI_30_0.5",0.496196990917579,0.395146920889568,0.52459348984349,0.493334967320261,0.395146920889568,0.499059014514897,0.391191622154711,0.34989332778806,0.411181889468985,0.424608918700603,0.34989332778806,0.371201354840438,0.698523440067558,0.552843915343915,0.552843915343915,0.799299719887955,0.660445572945573,0.736601307189543
"29","AUCpr___Ranking_FS___FBW___interpolation__FALSE___Clinical__Yes___OR_Radiomics___ALL___Combine_FS__Results_compare_FS.RData","IH_maxGrad_0.5;IH_maxGrad_0.05;Shape_areaDensityBE_0.1;IVH_RVRI_40_0.2;IVH_RVRI_20_0.05",0.505579587895764,0.389288844325609,0.488150072150072,0.587765567765568,0.389288844325609,0.523009103641457,0.362499404366541,0.325598406301143,0.39831297220822,0.431595219863231,0.326685836524861,0.325598406301143,0.566179962013295,0.499676503598072,0.499676503598072,0.505943802022233,0.648160018993352,0.626416122004357
"30","AUCpr___Ranking_FS___FBW___interpolation__FALSE___Clinical__No___OR_Radiomics___ALL___Combine_FS__Results_compare_FS.RData","IVH_RVRI_20_0.05;IH_maxGrad_0.5;IH_kurtosis_0.05;IVH_RVRI_30_0.2;IVH_RVRI_60_0.05",0.426804229267465,0.394440170940171,0.394440170940171,0.515891690009337,0.414696545284781,0.438911913250149,0.374820689079727,0.352221994723707,0.352221994723707,0.392033365783198,0.357608012376257,0.396396277394133,0.547089765717217,0.488205258793494,0.60628507295174,0.536974699229601,0.488205258793494,0.557204832204832
"31","AUCpr___Ranking_FS___FBW___interpolation__FALSE___Clinical__Yes___TLR_Radiomics___0.05___Combine_FS__Results_compare_FS.RData","IVH_AVRI_90_0.05;GLCM_clusShade_0.05;IVH_AVRI_80_0.05;IVH_RVRI_50_0.05;GLCM_infoCorr2_0.05",0.556073801198801,0.503476190476191,0.535676406926407,0.576471195471195,0.503476190476191,0.603396825396825,0.366327438011106,0.305894697387116,0.48904901474475,0.329164636854787,0.403490239167425,0.305894697387116,0.618681781181781,0.554273504273504,0.554273504273504,0.619047619047619,0.618315943315943,0.633467404055639
"32","AUCpr___Ranking_FS___FBW___interpolation__FALSE___Clinical__No___TLR_Radiomics___0.05___Combine_FS__Results_compare_FS.RData","GLCM_infoCorr2_0.05;IVH_AVRI_90_0.05;IVH_RVRI_50_0.05;GLCM_clusShade_0.05;IVH_RVRI_20_0.05",0.512876851498175,0.391878787878788,0.544120851370851,0.515459595959596,0.391878787878788,0.510294107036754,0.369535821674286,0.320498814620838,0.510623432490388,0.336474770435757,0.402596872912814,0.320498814620838,0.57773558594637,0.546318133573035,0.546318133573035,0.609807222552321,0.578044123632359,0.577427048260382
"33","AUCpr___Ranking_FS___FBW___interpolation__FALSE___Clinical__Yes___TLR_Radiomics___0.1___Combine_FS__Results_compare_FS.RData","IVH_AVRI_90_0.1;IVH_RVRI_20_0.1;GLCM_clusShade_0.1;IVH_RVRI_30_0.1;IVH_RVRI_40_0.1",0.46749299719888,0.379065476190476,0.476674603174603,0.499181818181818,0.379065476190476,0.458311391223156,0.429274224312656,0.37052203773134,0.430090329932987,0.429203204025864,0.429345244599449,0.37052203773134,0.580625982586767,0.531546231546231,0.531546231546231,0.616343170264739,0.632264957264957,0.544908794908795
"34","AUCpr___Ranking_FS___FBW___interpolation__FALSE___Clinical__No___TLR_Radiomics___0.1___Combine_FS__Results_compare_FS.RData","IVH_AVRI_90_0.1;IVH_RVRI_20_0.1;GLCM_clusShade_0.1;Shape_areaDensityBE_0.1;IVH_AVRI_80_0.1",0.466566161371308,0.393729808590103,0.700721500721501,0.499669913419913,0.393729808590103,0.433462409322703,0.378105972970046,0.307207539565029,0.53761097594876,0.401336995410034,0.354874950530058,0.307207539565029,0.687051066217733,0.590102435690671,0.590102435690671,0.72860467419291,0.73478835978836,0.645497458242556
"35","AUCpr___Ranking_FS___FBW___interpolation__FALSE___Clinical__Yes___TLR_Radiomics___0.2___Combine_FS__Results_compare_FS.RData","IVH_AVRI_90_0.2;GLSZM_SAE_0.2;IVH_RVRI_20_0.2;IVH_RVRI_50_0.2;IVH_RVRI_80_0.2",0.4682647760736,0.414194380782616,0.560198412698413,0.510243201243201,0.426286350903998,0.414194380782616,0.351271621455,0.28573903630658,0.348272278529076,0.372519575423777,0.354270964380924,0.28573903630658,0.642864978159096,0.556759906759907,0.556759906759907,0.616183453438355,0.680977818477818,0.669546502879836
"36","AUCpr___Ranking_FS___FBW___interpolation__FALSE___Clinical__No___TLR_Radiomics___0.2___Combine_FS__Results_compare_FS.RData","IVH_AVRI_90_0.2;IVH_RVRI_50_0.2;GLCM_clusShade_0.2;Shape_areaDensityBE_0.2;IVH_RVRI_20_0.2",0.475143700662083,0.360012817248111,0.586035409035409,0.470746031746032,0.360012817248111,0.479541369578134,0.412536467836995,0.345632448142768,0.470313785585161,0.477038890233061,0.354759150088828,0.345632448142768,0.657378832133734,0.579560100393434,0.636489690411259,0.678267973856209,0.700883838383838,0.579560100393434
"37","AUCpr___Ranking_FS___FBW___interpolation__FALSE___Clinical__Yes___TLR_Radiomics___0.5___Combine_FS__Results_compare_FS.RData","IVH_AVRI_90_0.5;IVH_AVRI_80_0.5;IVH_RVRI_50_0.5;IVH_RVRI_90_0.5;Fractal_sd_0.5",0.568606657231657,0.490713064713065,0.675333333333333,0.590789072039072,0.546424242424242,0.490713064713065,0.377690971211309,0.300752459036459,0.388984462980916,0.366397479441703,0.439684585763718,0.300752459036459,0.532778795278795,0.48438336355003,0.496421788088455,0.569135802469136,0.48438336355003,0.643186443186443
"38","AUCpr___Ranking_FS___FBW___interpolation__FALSE___Clinical__No___TLR_Radiomics___0.5___Combine_FS__Results_compare_FS.RData","IVH_AVRI_90_0.5;IVH_RVRI_50_0.5;IVH_RVRI_20_0.5;IVH_AVRI_80_0.5;Fractal_sd_0.5",0.486375509294627,0.403222222222222,0.681362433862434,0.507058802308802,0.403222222222222,0.465692216280452,0.36476337295939,0.31294025469354,0.363355268043764,0.366171477875015,0.368275662951923,0.31294025469354,0.636752136752137,0.512766554433221,0.512766554433221,0.614750064750065,0.694125627458961,0.658754208754209
"39","AUCpr___Ranking_FS___FBW___interpolation__FALSE___Clinical__Yes___TLR_Radiomics___ALL___Combine_FS__Results_compare_FS.RData","GLSZM_SAE_0.2;GLCM_infoCorr2_0.05;IVH_AVRI_90_0.1;GLCM_clusShade_0.05;IVH_AVRI_90_0.5",0.465362991855639,0.433073436367554,0.493221767339414,0.433073436367554,0.437504216371863,0.636364357864358,0.360080403014239,0.292087674596464,0.476056343557191,0.348990629719944,0.371170176308534,0.292087674596464,0.516744620666189,0.507626478459812,0.53030488030488,0.515654352909255,0.507626478459812,0.517834888423124
"40","AUCpr___Ranking_FS___FBW___interpolation__FALSE___Clinical__No___TLR_Radiomics___ALL___Combine_FS__Results_compare_FS.RData","IVH_AVRI_90_0.05;GLCM_infoCorr2_0.05;IVH_RVRI_20_0.2;IVH_AVRI_90_0.2;GLSZM_SAE_0.2",0.517674408108232,0.484215219421102,0.592299253034547,0.502583028083028,0.532765788133435,0.484215219421102,0.345198310661538,0.273059161149584,0.455568403119504,0.318675332636383,0.371721288686694,0.273059161149584,0.549568409985077,0.530023063356397,0.554411175244509,0.573750577672146,0.530023063356397,0.544725644725645
"41","AUCpr___Ranking_FS___FBN___interpolation__TRUE___Clinical__Yes___OR_Radiomics___32___Combine_FS__Results_compare_FS.RData","IVH_RVRI_30_32;IVH_RVRI_20_32;Shape_areaDensityBE_32;Stats_qcod_32;IH_median_32",0.470315291734409,0.443307656395892,0.46218253968254,0.443307656395892,0.532260683760684,0.478448043786279,0.369025963116234,0.317695913797832,0.417278268930942,0.438994366949828,0.317695913797832,0.320773657301527,0.642448705071254,0.581440781440781,0.581440781440781,0.593079605579606,0.735257335257335,0.691817804562903
"42","AUCpr___Ranking_FS___FBN___interpolation__TRUE___Clinical__No___OR_Radiomics___32___Combine_FS__Results_compare_FS.RData","IVH_RVRI_30_32;IVH_RVRI_40_32;IVH_RVRI_20_32;IVH_RVRI_50_32;Shape_areaDensityBE_32",0.456436794414736,0.394314309056956,0.449694083694084,0.564561964179611,0.394314309056956,0.463179505135387,0.373689936187181,0.355947979800201,0.38032957136449,0.476938700647823,0.367050301009873,0.355947979800201,0.562341389547272,0.449222999222999,0.449222999222999,0.517607447019212,0.607075332075332,0.702805836139169
"43","AUCpr___Ranking_FS___FBN___interpolation__TRUE___Clinical__Yes___OR_Radiomics___64___Combine_FS__Results_compare_FS.RData","IVH_RVRI_20_64;IVH_RVRI_40_64;IVH_RVRI_30_64;Shape_areaDensityBE_64;Stats_cov_64",0.489113387021475,0.423566433566434,0.423566433566434,0.590031746031746,0.481198062558357,0.497028711484594,0.398941860485199,0.35522504228749,0.440403057805044,0.461633754008981,0.357480663165354,0.35522504228749,0.591057118263001,0.512551283139518,0.512551283139518,0.544375123786888,0.637739112739113,0.718458393458393
"44","AUCpr___Ranking_FS___FBN___interpolation__TRUE___Clinical__No___OR_Radiomics___64___Combine_FS__Results_compare_FS.RData","IVH_RVRI_20_64;IVH_RVRI_30_64;IVH_RVRI_40_64;Stats_qcod_64;Stats_cov_64",0.49165522875817,0.403330142080142,0.403330142080142,0.560055555555556,0.478804388422035,0.504506069094304,0.382321689024904,0.376208441835592,0.378676393077642,0.376208441835592,0.385966984972166,0.394821304563531,0.657706618000736,0.574255628177197,0.574255628177197,0.655443322109989,0.659969913891483,0.66431433490257
"45","AUCpr___Ranking_FS___FBN___interpolation__TRUE___Clinical__Yes___OR_Radiomics___ALL___Combine_FS__Results_compare_FS.RData","IVH_RVRI_20_64;Shape_areaDensityBE_32;IVH_RVRI_30_32;Stats_qcod_32;IVH_RVRI_30_64",0.485968776321717,0.434484126984127,0.434484126984127,0.506102338837633,0.48565731327496,0.486280239368475,0.397450434581258,0.334241850131943,0.444219423860495,0.47367852590331,0.334241850131943,0.350681445302021,0.66143637589716,0.55352733686067,0.55352733686067,0.589936243857813,0.745321290909526,0.732936507936508
"46","AUCpr___Ranking_FS___FBN___interpolation__TRUE___Clinical__No___OR_Radiomics___ALL___Combine_FS__Results_compare_FS.RData","IVH_RVRI_20_32;IVH_RVRI_30_32;IVH_RVRI_40_64;Shape_areaDensityBE_64;IVH_RVRI_40_32",0.439970399698341,0.384035809778457,0.404511599511599,0.517717250070191,0.384035809778457,0.475429199885082,0.380337100200302,0.34772985335015,0.390058772898713,0.480502537170801,0.34772985335015,0.370615427501892,0.6045317336984,0.463780663780664,0.463780663780664,0.551187084520418,0.657876382876383,0.714975148308482
"47","AUCpr___Ranking_FS___FBN___interpolation__TRUE___Clinical__Yes___TLR_Radiomics___32___Combine_FS__Results_compare_FS.RData","IVH_AVRI_90_32;NGLDM_DV_32;IVH_RVRI_20_32;IH_minGrad_32;IH_maxGradI_32",0.491348692973693,0.346573008690656,0.536677544677545,0.471384615384615,0.346573008690656,0.511312770562771,0.427873763001592,0.335614755633463,0.563555356901859,0.443025803586081,0.412721722417103,0.335614755633463,0.71052101493278,0.606290260211829,0.606290260211829,0.731466627054862,0.724815054226819,0.69622697563874
"48","AUCpr___Ranking_FS___FBN___interpolation__TRUE___Clinical__No___TLR_Radiomics___32___Combine_FS__Results_compare_FS.RData","IVH_AVRI_90_32;IVH_RVRI_20_32;IH_maxGradI_32;IVH_RVRI_30_32;IVH_AVRI_80_32",0.468567981038569,0.347625152625153,0.539185340802988,0.564775224775225,0.347625152625153,0.397950621274151,0.365613977998099,0.283481284687651,0.473710930736719,0.381065238995075,0.350162717001124,0.283481284687651,0.733188339438339,0.724548907882241,0.725898692810457,0.740477986066221,0.789225589225589,0.724548907882241
"49","AUCpr___Ranking_FS___FBN___interpolation__TRUE___Clinical__Yes___TLR_Radiomics___64___Combine_FS__Results_compare_FS.RData","IVH_AVRI_90_64;IVH_RVRI_40_64;IH_minGradI_64;IVH_RVRI_30_64;Stats_qcod_64",0.407096695243754,0.32343137254902,0.420535594035594,0.393657796451914,0.32343137254902,0.458738953856601,0.370664220069873,0.36368556622608,0.40531458136861,0.36368556622608,0.371711771074906,0.369616669064839,0.628974089635854,0.537472766884532,0.537472766884532,0.6432267351385,0.6773895313111,0.614721444133209
"50","AUCpr___Ranking_FS___FBN___interpolation__TRUE___Clinical__No___TLR_Radiomics___64___Combine_FS__Results_compare_FS.RData","IVH_AVRI_90_64;IVH_RVRI_20_64;IVH_RVRI_30_64;Stats_qcod_64;NGLDM_HGSDE_64",0.503308802308802,0.479178210678211,0.503443722943723,0.595227465345112,0.503173881673882,0.479178210678211,0.375421501369921,0.33729418242481,0.422171043372024,0.384196694274141,0.366646308465701,0.33729418242481,0.695611178944512,0.589745494157259,0.714679148012481,0.589745494157259,0.818376068376068,0.676543209876543
"51","AUCpr___Ranking_FS___FBN___interpolation__TRUE___Clinical__Yes___TLR_Radiomics___ALL___Combine_FS__Results_compare_FS.RData","IVH_AVRI_90_32;IVH_AVRI_90_64;IVH_RVRI_20_32;IH_minGradI_64;NGLDM_DV_32",0.471736194361194,0.439141626347509,0.662103330220977,0.494340298590299,0.44913209013209,0.439141626347509,0.415264128357892,0.375163596512219,0.478623651607579,0.440177823854126,0.375163596512219,0.390350432861657,0.616467152128917,0.572993827160494,0.572993827160494,0.67416744475568,0.658811150722915,0.574123153534918
"52","AUCpr___Ranking_FS___FBN___interpolation__TRUE___Clinical__No___TLR_Radiomics___ALL___Combine_FS__Results_compare_FS.RData","IVH_AVRI_90_32;IVH_AVRI_90_64;IVH_RVRI_20_32;IVH_RVRI_20_64;NGLDM_DV_32",0.505680401298048,0.449765087853323,0.643948107448107,0.541722222222222,0.469638580373875,0.449765087853323,0.415659648565081,0.34919021438932,0.574720188876879,0.408589390833306,0.422729906296857,0.34919021438932,0.656362927196261,0.572900456478888,0.572900456478888,0.700514246102481,0.716166186754422,0.61221160829004
"53","AUCpr___Ranking_FS___FBN___interpolation__FALSE___Clinical__Yes___OR_Radiomics___32___Combine_FS__Results_compare_FS.RData","IVH_RVRI_30_32;IVH_RVRI_20_32;Shape_areaDensityBE_32;Stats_qcod_32;IH_median_32",0.470315291734409,0.443307656395892,0.46218253968254,0.443307656395892,0.532260683760684,0.478448043786279,0.369025963116234,0.317695913797832,0.417278268930942,0.438994366949828,0.317695913797832,0.320773657301527,0.642448705071254,0.581440781440781,0.581440781440781,0.593079605579606,0.735257335257335,0.691817804562903
"54","AUCpr___Ranking_FS___FBN___interpolation__FALSE___Clinical__No___OR_Radiomics___32___Combine_FS__Results_compare_FS.RData","IVH_RVRI_30_32;IVH_RVRI_40_32;IVH_RVRI_20_32;IVH_RVRI_50_32;Shape_areaDensityBE_32",0.456436794414736,0.394314309056956,0.449694083694084,0.564561964179611,0.394314309056956,0.463179505135387,0.373689936187181,0.355947979800201,0.38032957136449,0.476938700647823,0.367050301009873,0.355947979800201,0.562341389547272,0.449222999222999,0.449222999222999,0.517607447019212,0.607075332075332,0.702805836139169
"55","AUCpr___Ranking_FS___FBN___interpolation__FALSE___Clinical__Yes___OR_Radiomics___64___Combine_FS__Results_compare_FS.RData","IVH_RVRI_20_64;IVH_RVRI_40_64;IVH_RVRI_30_64;Shape_areaDensityBE_64;Stats_cov_64",0.489113387021475,0.423566433566434,0.423566433566434,0.590031746031746,0.481198062558357,0.497028711484594,0.398941860485199,0.35522504228749,0.440403057805044,0.461633754008981,0.357480663165354,0.35522504228749,0.591057118263001,0.512551283139518,0.512551283139518,0.544375123786888,0.637739112739113,0.718458393458393
"56","AUCpr___Ranking_FS___FBN___interpolation__FALSE___Clinical__No___OR_Radiomics___64___Combine_FS__Results_compare_FS.RData","IVH_RVRI_20_64;IVH_RVRI_30_64;IVH_RVRI_40_64;Stats_qcod_64;Stats_cov_64",0.49165522875817,0.403330142080142,0.403330142080142,0.560055555555556,0.478804388422035,0.504506069094304,0.382321689024904,0.376208441835592,0.378676393077642,0.376208441835592,0.385966984972166,0.394821304563531,0.657706618000736,0.574255628177197,0.574255628177197,0.655443322109989,0.659969913891483,0.66431433490257
"57","AUCpr___Ranking_FS___FBN___interpolation__FALSE___Clinical__Yes___OR_Radiomics___ALL___Combine_FS__Results_compare_FS.RData","IVH_RVRI_20_64;Shape_areaDensityBE_32;IVH_RVRI_30_32;Stats_qcod_32;IVH_RVRI_30_64",0.485968776321717,0.434484126984127,0.434484126984127,0.506102338837633,0.48565731327496,0.486280239368475,0.397450434581258,0.334241850131943,0.444219423860495,0.47367852590331,0.334241850131943,0.350681445302021,0.66143637589716,0.55352733686067,0.55352733686067,0.589936243857813,0.745321290909526,0.732936507936508
"58","AUCpr___Ranking_FS___FBN___interpolation__FALSE___Clinical__No___OR_Radiomics___ALL___Combine_FS__Results_compare_FS.RData","IVH_RVRI_20_32;IVH_RVRI_30_32;IVH_RVRI_40_64;Shape_areaDensityBE_64;IVH_RVRI_40_32",0.439970399698341,0.384035809778457,0.404511599511599,0.517717250070191,0.384035809778457,0.475429199885082,0.380337100200302,0.34772985335015,0.390058772898713,0.480502537170801,0.34772985335015,0.370615427501892,0.6045317336984,0.463780663780664,0.463780663780664,0.551187084520418,0.657876382876383,0.714975148308482
"59","AUCpr___Ranking_FS___FBN___interpolation__FALSE___Clinical__Yes___TLR_Radiomics___32___Combine_FS__Results_compare_FS.RData","IVH_AVRI_90_32;NGLDM_DV_32;IVH_RVRI_20_32;IH_minGrad_32;IH_maxGradI_32",0.491348692973693,0.346573008690656,0.536677544677545,0.471384615384615,0.346573008690656,0.511312770562771,0.427873763001592,0.335614755633463,0.563555356901859,0.443025803586081,0.412721722417103,0.335614755633463,0.71052101493278,0.606290260211829,0.606290260211829,0.731466627054862,0.724815054226819,0.69622697563874
"60","AUCpr___Ranking_FS___FBN___interpolation__FALSE___Clinical__No___TLR_Radiomics___32___Combine_FS__Results_compare_FS.RData","IVH_AVRI_90_32;IVH_RVRI_20_32;IH_maxGradI_32;IVH_RVRI_30_32;IVH_AVRI_80_32",0.468567981038569,0.347625152625153,0.539185340802988,0.564775224775225,0.347625152625153,0.397950621274151,0.365613977998099,0.283481284687651,0.473710930736719,0.381065238995075,0.350162717001124,0.283481284687651,0.733188339438339,0.724548907882241,0.725898692810457,0.740477986066221,0.789225589225589,0.724548907882241
"61","AUCpr___Ranking_FS___FBN___interpolation__FALSE___Clinical__Yes___TLR_Radiomics___64___Combine_FS__Results_compare_FS.RData","IVH_AVRI_90_64;IVH_RVRI_40_64;IH_minGradI_64;IVH_RVRI_30_64;Stats_qcod_64",0.407096695243754,0.32343137254902,0.420535594035594,0.393657796451914,0.32343137254902,0.458738953856601,0.370664220069873,0.36368556622608,0.40531458136861,0.36368556622608,0.371711771074906,0.369616669064839,0.628974089635854,0.537472766884532,0.537472766884532,0.6432267351385,0.6773895313111,0.614721444133209
"62","AUCpr___Ranking_FS___FBN___interpolation__FALSE___Clinical__No___TLR_Radiomics___64___Combine_FS__Results_compare_FS.RData","IVH_AVRI_90_64;IVH_RVRI_20_64;IVH_RVRI_30_64;Stats_qcod_64;NGLDM_HGSDE_64",0.503308802308802,0.479178210678211,0.503443722943723,0.595227465345112,0.503173881673882,0.479178210678211,0.375421501369921,0.33729418242481,0.422171043372024,0.384196694274141,0.366646308465701,0.33729418242481,0.695611178944512,0.589745494157259,0.714679148012481,0.589745494157259,0.818376068376068,0.676543209876543
"63","AUCpr___Ranking_FS___FBN___interpolation__FALSE___Clinical__Yes___TLR_Radiomics___ALL___Combine_FS__Results_compare_FS.RData","IVH_AVRI_90_32;IVH_AVRI_90_64;IVH_RVRI_20_32;IH_minGradI_64;NGLDM_DV_32",0.471736194361194,0.439141626347509,0.662103330220977,0.494340298590299,0.44913209013209,0.439141626347509,0.415264128357892,0.375163596512219,0.478623651607579,0.440177823854126,0.375163596512219,0.390350432861657,0.616467152128917,0.572993827160494,0.572993827160494,0.67416744475568,0.658811150722915,0.574123153534918
"64","AUCpr___Ranking_FS___FBN___interpolation__FALSE___Clinical__No___TLR_Radiomics___ALL___Combine_FS__Results_compare_FS.RData","IVH_AVRI_90_32;IVH_AVRI_90_64;IVH_RVRI_20_32;IVH_RVRI_20_64;NGLDM_DV_32",0.505680401298048,0.449765087853323,0.643948107448107,0.541722222222222,0.469638580373875,0.449765087853323,0.415659648565081,0.34919021438932,0.574720188876879,0.408589390833306,0.422729906296857,0.34919021438932,0.656362927196261,0.572900456478888,0.572900456478888,0.700514246102481,0.716166186754422,0.61221160829004
"65","AUCpr___Ranking_FS___Med_FBW___interpolation__TRUE___Clinical__Yes___OR_Radiomics___32___Combine_FS__Results_compare_FS.RData","IVH_RVRI_20;IVH_RVRI_40;Stats_qcod;Shape_areaDensityBE;IVH_RVRI_60",0.504851006020124,0.376705640764464,0.497572927072927,0.376705640764464,0.544174603174603,0.51212908496732,0.394678876750053,0.342055480934237,0.440886182171463,0.518492296992135,0.348471571328643,0.342055480934237,0.641566766566767,0.623373793962029,0.623373793962029,0.651875901875902,0.631257631257631,0.704723825557159
"66","AUCpr___Ranking_FS___Med_FBW___interpolation__TRUE___Clinical__No___OR_Radiomics___32___Combine_FS__Results_compare_FS.RData","Stats_qcod;IVH_RVRI_30;IVH_RVRI_40;GLSZM_LILAE;IVH_RVRI_50",0.446014174822998,0.244814962814963,0.450332130832131,0.244814962814963,0.441696218813866,0.485388888888889,0.373768682972298,0.322432671021852,0.356972410151727,0.399784601442488,0.390564955792869,0.322432671021852,0.581052485096603,0.565413236001471,0.575415479582146,0.586689490611059,0.565413236001471,0.708361391694725
"67","AUCpr___Ranking_FS___Med_FBW___interpolation__TRUE___Clinical__Yes___OR_Radiomics___64___Combine_FS__Results_compare_FS.RData","IVH_RVRI_20;IVH_RVRI_40;Stats_qcod;Shape_areaDensityBE;IVH_RVRI_60",0.504851006020124,0.376705640764464,0.497572927072927,0.376705640764464,0.544174603174603,0.51212908496732,0.394678876750053,0.342055480934237,0.440886182171463,0.518492296992135,0.348471571328643,0.342055480934237,0.641566766566767,0.623373793962029,0.623373793962029,0.651875901875902,0.631257631257631,0.704723825557159
"68","AUCpr___Ranking_FS___Med_FBW___interpolation__TRUE___Clinical__No___OR_Radiomics___64___Combine_FS__Results_compare_FS.RData","Stats_qcod;IVH_RVRI_30;IVH_RVRI_40;GLSZM_LILAE;IVH_RVRI_50",0.446014174822998,0.244814962814963,0.450332130832131,0.244814962814963,0.441696218813866,0.485388888888889,0.373768682972298,0.322432671021852,0.356972410151727,0.399784601442488,0.390564955792869,0.322432671021852,0.581052485096603,0.565413236001471,0.575415479582146,0.586689490611059,0.565413236001471,0.708361391694725
"69","AUCpr___Ranking_FS___Med_FBW___interpolation__TRUE___Clinical__Yes___OR_Radiomics___ALL___Combine_FS__Results_compare_FS.RData","IVH_RVRI_20;IVH_RVRI_40;Stats_qcod;Shape_areaDensityBE;IVH_RVRI_60",0.504851006020124,0.376705640764464,0.497572927072927,0.376705640764464,0.544174603174603,0.51212908496732,0.394678876750053,0.342055480934237,0.440886182171463,0.518492296992135,0.348471571328643,0.342055480934237,0.641566766566767,0.623373793962029,0.623373793962029,0.651875901875902,0.631257631257631,0.704723825557159
"70","AUCpr___Ranking_FS___Med_FBW___interpolation__TRUE___Clinical__No___OR_Radiomics___ALL___Combine_FS__Results_compare_FS.RData","Stats_qcod;IVH_RVRI_30;IVH_RVRI_40;GLSZM_LILAE;IVH_RVRI_50",0.446014174822998,0.244814962814963,0.450332130832131,0.244814962814963,0.441696218813866,0.485388888888889,0.373768682972298,0.322432671021852,0.356972410151727,0.399784601442488,0.390564955792869,0.322432671021852,0.581052485096603,0.565413236001471,0.575415479582146,0.586689490611059,0.565413236001471,0.708361391694725
"71","AUCpr___Ranking_FS___Med_FBW___interpolation__TRUE___Clinical__Yes___TLR_Radiomics___32___Combine_FS__Results_compare_FS.RData","IVH_AVRI_90;GLCM_clusShade;IVH_RVRI_50;IVH_AVRI_80;IVH_RVRI_40",0.505056729490553,0.400097317714965,0.496818783068783,0.603499278499279,0.400097317714965,0.513294675912323,0.410496691300374,0.390771292310706,0.425697755403638,0.463301935072013,0.39529562719711,0.390771292310706,0.62312440645774,0.514702581369248,0.514702581369248,0.59618406285073,0.782263107263107,0.65006475006475
"72","AUCpr___Ranking_FS___Med_FBW___interpolation__TRUE___Clinical__No___TLR_Radiomics___32___Combine_FS__Results_compare_FS.RData","IVH_AVRI_90;GLCM_clusShade;IVH_AVRI_80;IVH_RVRI_30;IVH_RVRI_20",0.445725475096799,0.333626050420168,0.535554834054834,0.528261183261183,0.333626050420168,0.363189766932414,0.394034123115595,0.317506568523022,0.506642442783375,0.425449283021622,0.362618963209569,0.317506568523022,0.622774062357396,0.542480975814309,0.542480975814309,0.624343811598714,0.751488272076507,0.621204313116078
"73","AUCpr___Ranking_FS___Med_FBW___interpolation__TRUE___Clinical__Yes___TLR_Radiomics___64___Combine_FS__Results_compare_FS.RData","IVH_AVRI_90;GLCM_clusShade;IVH_RVRI_50;IVH_AVRI_80;IVH_RVRI_40",0.505056729490553,0.400097317714965,0.496818783068783,0.603499278499279,0.400097317714965,0.513294675912323,0.410496691300374,0.390771292310706,0.425697755403638,0.463301935072013,0.39529562719711,0.390771292310706,0.62312440645774,0.514702581369248,0.514702581369248,0.59618406285073,0.782263107263107,0.65006475006475
"74","AUCpr___Ranking_FS___Med_FBW___interpolation__TRUE___Clinical__No___TLR_Radiomics___64___Combine_FS__Results_compare_FS.RData","IVH_AVRI_90;GLCM_clusShade;IVH_AVRI_80;IVH_RVRI_30;IVH_RVRI_20",0.445725475096799,0.333626050420168,0.535554834054834,0.528261183261183,0.333626050420168,0.363189766932414,0.394034123115595,0.317506568523022,0.506642442783375,0.425449283021622,0.362618963209569,0.317506568523022,0.622774062357396,0.542480975814309,0.542480975814309,0.624343811598714,0.751488272076507,0.621204313116078
"75","AUCpr___Ranking_FS___Med_FBW___interpolation__TRUE___Clinical__Yes___TLR_Radiomics___ALL___Combine_FS__Results_compare_FS.RData","IVH_AVRI_90;GLCM_clusShade;IVH_RVRI_50;IVH_AVRI_80;IVH_RVRI_40",0.505056729490553,0.400097317714965,0.496818783068783,0.603499278499279,0.400097317714965,0.513294675912323,0.410496691300374,0.390771292310706,0.425697755403638,0.463301935072013,0.39529562719711,0.390771292310706,0.62312440645774,0.514702581369248,0.514702581369248,0.59618406285073,0.782263107263107,0.65006475006475
"76","AUCpr___Ranking_FS___Med_FBW___interpolation__TRUE___Clinical__No___TLR_Radiomics___ALL___Combine_FS__Results_compare_FS.RData","IVH_AVRI_90;GLCM_clusShade;IVH_AVRI_80;IVH_RVRI_30;IVH_RVRI_20",0.445725475096799,0.333626050420168,0.535554834054834,0.528261183261183,0.333626050420168,0.363189766932414,0.394034123115595,0.317506568523022,0.506642442783375,0.425449283021622,0.362618963209569,0.317506568523022,0.622774062357396,0.542480975814309,0.542480975814309,0.624343811598714,0.751488272076507,0.621204313116078
"77","AUCpr___Ranking_FS___Med_FBW___interpolation__FALSE___Clinical__Yes___OR_Radiomics___32___Combine_FS__Results_compare_FS.RData","IVH_RVRI_20;IVH_RVRI_40;Stats_qcod;Shape_areaDensityBE;IVH_RVRI_60",0.504851006020124,0.376705640764464,0.497572927072927,0.376705640764464,0.544174603174603,0.51212908496732,0.394678876750053,0.342055480934237,0.440886182171463,0.518492296992135,0.348471571328643,0.342055480934237,0.641566766566767,0.623373793962029,0.623373793962029,0.651875901875902,0.631257631257631,0.704723825557159
"78","AUCpr___Ranking_FS___Med_FBW___interpolation__FALSE___Clinical__No___OR_Radiomics___32___Combine_FS__Results_compare_FS.RData","Stats_qcod;IVH_RVRI_30;IVH_RVRI_40;GLSZM_LILAE;IVH_RVRI_50",0.446014174822998,0.244814962814963,0.450332130832131,0.244814962814963,0.441696218813866,0.485388888888889,0.373768682972298,0.322432671021852,0.356972410151727,0.399784601442488,0.390564955792869,0.322432671021852,0.581052485096603,0.565413236001471,0.575415479582146,0.586689490611059,0.565413236001471,0.708361391694725
"79","AUCpr___Ranking_FS___Med_FBW___interpolation__FALSE___Clinical__Yes___OR_Radiomics___64___Combine_FS__Results_compare_FS.RData","IVH_RVRI_20;IVH_RVRI_40;Stats_qcod;Shape_areaDensityBE;IVH_RVRI_60",0.504851006020124,0.376705640764464,0.497572927072927,0.376705640764464,0.544174603174603,0.51212908496732,0.394678876750053,0.342055480934237,0.440886182171463,0.518492296992135,0.348471571328643,0.342055480934237,0.641566766566767,0.623373793962029,0.623373793962029,0.651875901875902,0.631257631257631,0.704723825557159
"80","AUCpr___Ranking_FS___Med_FBW___interpolation__FALSE___Clinical__No___OR_Radiomics___64___Combine_FS__Results_compare_FS.RData","Stats_qcod;IVH_RVRI_30;IVH_RVRI_40;GLSZM_LILAE;IVH_RVRI_50",0.446014174822998,0.244814962814963,0.450332130832131,0.244814962814963,0.441696218813866,0.485388888888889,0.373768682972298,0.322432671021852,0.356972410151727,0.399784601442488,0.390564955792869,0.322432671021852,0.581052485096603,0.565413236001471,0.575415479582146,0.586689490611059,0.565413236001471,0.708361391694725
"81","AUCpr___Ranking_FS___Med_FBW___interpolation__FALSE___Clinical__Yes___OR_Radiomics___ALL___Combine_FS__Results_compare_FS.RData","IVH_RVRI_20;IVH_RVRI_40;Stats_qcod;Shape_areaDensityBE;IVH_RVRI_60",0.504851006020124,0.376705640764464,0.497572927072927,0.376705640764464,0.544174603174603,0.51212908496732,0.394678876750053,0.342055480934237,0.440886182171463,0.518492296992135,0.348471571328643,0.342055480934237,0.641566766566767,0.623373793962029,0.623373793962029,0.651875901875902,0.631257631257631,0.704723825557159
"82","AUCpr___Ranking_FS___Med_FBW___interpolation__FALSE___Clinical__No___OR_Radiomics___ALL___Combine_FS__Results_compare_FS.RData","Stats_qcod;IVH_RVRI_30;IVH_RVRI_40;GLSZM_LILAE;IVH_RVRI_50",0.446014174822998,0.244814962814963,0.450332130832131,0.244814962814963,0.441696218813866,0.485388888888889,0.373768682972298,0.322432671021852,0.356972410151727,0.399784601442488,0.390564955792869,0.322432671021852,0.581052485096603,0.565413236001471,0.575415479582146,0.586689490611059,0.565413236001471,0.708361391694725
"83","AUCpr___Ranking_FS___Med_FBW___interpolation__FALSE___Clinical__Yes___TLR_Radiomics___32___Combine_FS__Results_compare_FS.RData","IVH_AVRI_90;GLCM_clusShade;IVH_RVRI_50;IVH_AVRI_80;IVH_RVRI_40",0.505056729490553,0.400097317714965,0.496818783068783,0.603499278499279,0.400097317714965,0.513294675912323,0.410496691300374,0.390771292310706,0.425697755403638,0.463301935072013,0.39529562719711,0.390771292310706,0.62312440645774,0.514702581369248,0.514702581369248,0.59618406285073,0.782263107263107,0.65006475006475
"84","AUCpr___Ranking_FS___Med_FBW___interpolation__FALSE___Clinical__No___TLR_Radiomics___32___Combine_FS__Results_compare_FS.RData","IVH_AVRI_90;GLCM_clusShade;IVH_AVRI_80;IVH_RVRI_30;IVH_RVRI_20",0.445725475096799,0.333626050420168,0.535554834054834,0.528261183261183,0.333626050420168,0.363189766932414,0.394034123115595,0.317506568523022,0.506642442783375,0.425449283021622,0.362618963209569,0.317506568523022,0.622774062357396,0.542480975814309,0.542480975814309,0.624343811598714,0.751488272076507,0.621204313116078
"85","AUCpr___Ranking_FS___Med_FBW___interpolation__FALSE___Clinical__Yes___TLR_Radiomics___64___Combine_FS__Results_compare_FS.RData","IVH_AVRI_90;GLCM_clusShade;IVH_RVRI_50;IVH_AVRI_80;IVH_RVRI_40",0.505056729490553,0.400097317714965,0.496818783068783,0.603499278499279,0.400097317714965,0.513294675912323,0.410496691300374,0.390771292310706,0.425697755403638,0.463301935072013,0.39529562719711,0.390771292310706,0.62312440645774,0.514702581369248,0.514702581369248,0.59618406285073,0.782263107263107,0.65006475006475
"86","AUCpr___Ranking_FS___Med_FBW___interpolation__FALSE___Clinical__No___TLR_Radiomics___64___Combine_FS__Results_compare_FS.RData","IVH_AVRI_90;GLCM_clusShade;IVH_AVRI_80;IVH_RVRI_30;IVH_RVRI_20",0.445725475096799,0.333626050420168,0.535554834054834,0.528261183261183,0.333626050420168,0.363189766932414,0.394034123115595,0.317506568523022,0.506642442783375,0.425449283021622,0.362618963209569,0.317506568523022,0.622774062357396,0.542480975814309,0.542480975814309,0.624343811598714,0.751488272076507,0.621204313116078
"87","AUCpr___Ranking_FS___Med_FBW___interpolation__FALSE___Clinical__Yes___TLR_Radiomics___ALL___Combine_FS__Results_compare_FS.RData","IVH_AVRI_90;GLCM_clusShade;IVH_RVRI_50;IVH_AVRI_80;IVH_RVRI_40",0.505056729490553,0.400097317714965,0.496818783068783,0.603499278499279,0.400097317714965,0.513294675912323,0.410496691300374,0.390771292310706,0.425697755403638,0.463301935072013,0.39529562719711,0.390771292310706,0.62312440645774,0.514702581369248,0.514702581369248,0.59618406285073,0.782263107263107,0.65006475006475
"88","AUCpr___Ranking_FS___Med_FBW___interpolation__FALSE___Clinical__No___TLR_Radiomics___ALL___Combine_FS__Results_compare_FS.RData","IVH_AVRI_90;GLCM_clusShade;IVH_AVRI_80;IVH_RVRI_30;IVH_RVRI_20",0.445725475096799,0.333626050420168,0.535554834054834,0.528261183261183,0.333626050420168,0.363189766932414,0.394034123115595,0.317506568523022,0.506642442783375,0.425449283021622,0.362618963209569,0.317506568523022,0.622774062357396,0.542480975814309,0.542480975814309,0.624343811598714,0.751488272076507,0.621204313116078
"89","AUCpr___Ranking_FS___Med_FBN___interpolation__TRUE___Clinical__Yes___OR_Radiomics___32___Combine_FS__Results_compare_FS.RData","Shape_areaDensity;Stats_qc;Stats_c;IH_medi;Age",0.436157943363826,0.373255130490425,0.432719391719392,0.373255130490425,0.43959649500826,0.502623928359222,0.391093204203781,0.343828710766323,0.435951884342219,0.447129333893471,0.343828710766323,0.346234524065343,0.633542075208742,0.521362433862434,0.521362433862434,0.5837267670601,0.727717652717653,0.683357383357383
"90","AUCpr___Ranking_FS___Med_FBN___interpolation__TRUE___Clinical__No___OR_Radiomics___32___Combine_FS__Results_compare_FS.RData","Stats_qc;Stats_c;IH_medi;Shape_areaDensity;GLDZM_H",0.49768882343147,0.422798642533937,0.515112885480533,0.422798642533937,0.480264761382408,0.538878363466599,0.340314164746201,0.335472557917472,0.56472055117158,0.335472557917472,0.335651236139414,0.344977093352989,0.579224374935159,0.496590083844986,0.498438135938136,0.496590083844986,0.660010613932183,0.703474666219764
"91","AUCpr___Ranking_FS___Med_FBN___interpolation__TRUE___Clinical__Yes___OR_Radiomics___64___Combine_FS__Results_compare_FS.RData","Shape_areaDensity;Stats_qc;Stats_c;IH_medi;Age",0.436157943363826,0.373255130490425,0.432719391719392,0.373255130490425,0.43959649500826,0.502623928359222,0.391093204203781,0.343828710766323,0.435951884342219,0.447129333893471,0.343828710766323,0.346234524065343,0.633542075208742,0.521362433862434,0.521362433862434,0.5837267670601,0.727717652717653,0.683357383357383
"92","AUCpr___Ranking_FS___Med_FBN___interpolation__TRUE___Clinical__No___OR_Radiomics___64___Combine_FS__Results_compare_FS.RData","Stats_qc;Stats_c;IH_medi;Shape_areaDensity;GLDZM_H",0.49768882343147,0.422798642533937,0.515112885480533,0.422798642533937,0.480264761382408,0.538878363466599,0.340314164746201,0.335472557917472,0.56472055117158,0.335472557917472,0.335651236139414,0.344977093352989,0.579224374935159,0.496590083844986,0.498438135938136,0.496590083844986,0.660010613932183,0.703474666219764
"93","AUCpr___Ranking_FS___Med_FBN___interpolation__TRUE___Clinical__Yes___OR_Radiomics___ALL___Combine_FS__Results_compare_FS.RData","Shape_areaDensity;Stats_qc;Stats_c;IH_medi;Age",0.436157943363826,0.373255130490425,0.432719391719392,0.373255130490425,0.43959649500826,0.502623928359222,0.391093204203781,0.343828710766323,0.435951884342219,0.447129333893471,0.343828710766323,0.346234524065343,0.633542075208742,0.521362433862434,0.521362433862434,0.5837267670601,0.727717652717653,0.683357383357383
"94","AUCpr___Ranking_FS___Med_FBN___interpolation__TRUE___Clinical__No___OR_Radiomics___ALL___Combine_FS__Results_compare_FS.RData","Stats_qc;Stats_c;IH_medi;Shape_areaDensity;GLDZM_H",0.49768882343147,0.422798642533937,0.515112885480533,0.422798642533937,0.480264761382408,0.538878363466599,0.340314164746201,0.335472557917472,0.56472055117158,0.335472557917472,0.335651236139414,0.344977093352989,0.579224374935159,0.496590083844986,0.498438135938136,0.496590083844986,0.660010613932183,0.703474666219764
"95","AUCpr___Ranking_FS___Med_FBN___interpolation__TRUE___Clinical__Yes___TLR_Radiomics___32___Combine_FS__Results_compare_FS.RData","IVH_AVRI_;Stats_qc;Shape_areaDensity;IH_maxGra;GLSZM_HIS",0.646584082584083,0.542055555555556,0.640339105339105,0.746900488400488,0.542055555555556,0.65282905982906,0.367961927707608,0.306842502518832,0.45015552560092,0.389451878990651,0.306842502518832,0.346471976424565,0.683739100405767,0.599488782822116,0.677056277056277,0.690421923755257,0.821284271284271,0.599488782822116
"96","AUCpr___Ranking_FS___Med_FBN___interpolation__TRUE___Clinical__No___TLR_Radiomics___32___Combine_FS__Results_compare_FS.RData","IVH_AVRI_;Stats_c;Stats_qc;IH_maxGra;GLSZM_LIL",0.539247613497613,0.431684173669468,0.528511766011766,0.636507936507936,0.431684173669468,0.549983460983461,0.30450250528728,0.286312275426439,0.382004638064084,0.305773891674576,0.303231118899984,0.286312275426439,0.595040580334698,0.52638349305016,0.606701940035273,0.583379220634123,0.729051449639685,0.52638349305016
"97","AUCpr___Ranking_FS___Med_FBN___interpolation__TRUE___Clinical__Yes___TLR_Radiomics___64___Combine_FS__Results_compare_FS.RData","IVH_AVRI_;Stats_qc;Shape_areaDensity;IH_maxGra;GLSZM_HIS",0.646584082584083,0.542055555555556,0.640339105339105,0.746900488400488,0.542055555555556,0.65282905982906,0.367961927707608,0.306842502518832,0.45015552560092,0.389451878990651,0.306842502518832,0.346471976424565,0.683739100405767,0.599488782822116,0.677056277056277,0.690421923755257,0.821284271284271,0.599488782822116
"98","AUCpr___Ranking_FS___Med_FBN___interpolation__TRUE___Clinical__No___TLR_Radiomics___64___Combine_FS__Results_compare_FS.RData","IVH_AVRI_;Stats_c;Stats_qc;IH_maxGra;GLSZM_LIL",0.539247613497613,0.431684173669468,0.528511766011766,0.636507936507936,0.431684173669468,0.549983460983461,0.30450250528728,0.286312275426439,0.382004638064084,0.305773891674576,0.303231118899984,0.286312275426439,0.595040580334698,0.52638349305016,0.606701940035273,0.583379220634123,0.729051449639685,0.52638349305016
"99","AUCpr___Ranking_FS___Med_FBN___interpolation__TRUE___Clinical__Yes___TLR_Radiomics___ALL___Combine_FS__Results_compare_FS.RData","IVH_AVRI_;Stats_qc;Shape_areaDensity;IH_maxGra;GLSZM_HIS",0.646584082584083,0.542055555555556,0.640339105339105,0.746900488400488,0.542055555555556,0.65282905982906,0.367961927707608,0.306842502518832,0.45015552560092,0.389451878990651,0.306842502518832,0.346471976424565,0.683739100405767,0.599488782822116,0.677056277056277,0.690421923755257,0.821284271284271,0.599488782822116
"100","AUCpr___Ranking_FS___Med_FBN___interpolation__TRUE___Clinical__No___TLR_Radiomics___ALL___Combine_FS__Results_compare_FS.RData","IVH_AVRI_;Stats_c;Stats_qc;IH_maxGra;GLSZM_LIL",0.539247613497613,0.431684173669468,0.528511766011766,0.636507936507936,0.431684173669468,0.549983460983461,0.30450250528728,0.286312275426439,0.382004638064084,0.305773891674576,0.303231118899984,0.286312275426439,0.595040580334698,0.52638349305016,0.606701940035273,0.583379220634123,0.729051449639685,0.52638349305016
"101","AUCpr___Ranking_FS___Med_FBN___interpolation__FALSE___Clinical__Yes___OR_Radiomics___32___Combine_FS__Results_compare_FS.RData","Shape_areaDensity;Stats_qc;Stats_c;IH_medi;Age",0.436157943363826,0.373255130490425,0.432719391719392,0.373255130490425,0.43959649500826,0.502623928359222,0.391093204203781,0.343828710766323,0.435951884342219,0.447129333893471,0.343828710766323,0.346234524065343,0.633542075208742,0.521362433862434,0.521362433862434,0.5837267670601,0.727717652717653,0.683357383357383
"102","AUCpr___Ranking_FS___Med_FBN___interpolation__FALSE___Clinical__No___OR_Radiomics___32___Combine_FS__Results_compare_FS.RData","Stats_qc;Stats_c;IH_medi;Shape_areaDensity;GLDZM_H",0.49768882343147,0.422798642533937,0.515112885480533,0.422798642533937,0.480264761382408,0.538878363466599,0.340314164746201,0.335472557917472,0.56472055117158,0.335472557917472,0.335651236139414,0.344977093352989,0.579224374935159,0.496590083844986,0.498438135938136,0.496590083844986,0.660010613932183,0.703474666219764
"103","AUCpr___Ranking_FS___Med_FBN___interpolation__FALSE___Clinical__Yes___OR_Radiomics___64___Combine_FS__Results_compare_FS.RData","Shape_areaDensity;Stats_qc;Stats_c;IH_medi;Age",0.436157943363826,0.373255130490425,0.432719391719392,0.373255130490425,0.43959649500826,0.502623928359222,0.391093204203781,0.343828710766323,0.435951884342219,0.447129333893471,0.343828710766323,0.346234524065343,0.633542075208742,0.521362433862434,0.521362433862434,0.5837267670601,0.727717652717653,0.683357383357383
"104","AUCpr___Ranking_FS___Med_FBN___interpolation__FALSE___Clinical__No___OR_Radiomics___64___Combine_FS__Results_compare_FS.RData","Stats_qc;Stats_c;IH_medi;Shape_areaDensity;GLDZM_H",0.49768882343147,0.422798642533937,0.515112885480533,0.422798642533937,0.480264761382408,0.538878363466599,0.340314164746201,0.335472557917472,0.56472055117158,0.335472557917472,0.335651236139414,0.344977093352989,0.579224374935159,0.496590083844986,0.498438135938136,0.496590083844986,0.660010613932183,0.703474666219764
"105","AUCpr___Ranking_FS___Med_FBN___interpolation__FALSE___Clinical__Yes___OR_Radiomics___ALL___Combine_FS__Results_compare_FS.RData","Shape_areaDensity;Stats_qc;Stats_c;IH_medi;Age",0.436157943363826,0.373255130490425,0.432719391719392,0.373255130490425,0.43959649500826,0.502623928359222,0.391093204203781,0.343828710766323,0.435951884342219,0.447129333893471,0.343828710766323,0.346234524065343,0.633542075208742,0.521362433862434,0.521362433862434,0.5837267670601,0.727717652717653,0.683357383357383
"106","AUCpr___Ranking_FS___Med_FBN___interpolation__FALSE___Clinical__No___OR_Radiomics___ALL___Combine_FS__Results_compare_FS.RData","Stats_qc;Stats_c;IH_medi;Shape_areaDensity;GLDZM_H",0.49768882343147,0.422798642533937,0.515112885480533,0.422798642533937,0.480264761382408,0.538878363466599,0.340314164746201,0.335472557917472,0.56472055117158,0.335472557917472,0.335651236139414,0.344977093352989,0.579224374935159,0.496590083844986,0.498438135938136,0.496590083844986,0.660010613932183,0.703474666219764
"107","AUCpr___Ranking_FS___Med_FBN___interpolation__FALSE___Clinical__Yes___TLR_Radiomics___32___Combine_FS__Results_compare_FS.RData","IVH_AVRI_;Stats_qc;Shape_areaDensity;IH_maxGra;GLSZM_HIS",0.646584082584083,0.542055555555556,0.640339105339105,0.746900488400488,0.542055555555556,0.65282905982906,0.367961927707608,0.306842502518832,0.45015552560092,0.389451878990651,0.306842502518832,0.346471976424565,0.683739100405767,0.599488782822116,0.677056277056277,0.690421923755257,0.821284271284271,0.599488782822116
"108","AUCpr___Ranking_FS___Med_FBN___interpolation__FALSE___Clinical__No___TLR_Radiomics___32___Combine_FS__Results_compare_FS.RData","IVH_AVRI_;Stats_c;Stats_qc;IH_maxGra;GLSZM_LIL",0.539247613497613,0.431684173669468,0.528511766011766,0.636507936507936,0.431684173669468,0.549983460983461,0.30450250528728,0.286312275426439,0.382004638064084,0.305773891674576,0.303231118899984,0.286312275426439,0.595040580334698,0.52638349305016,0.606701940035273,0.583379220634123,0.729051449639685,0.52638349305016
"109","AUCpr___Ranking_FS___Med_FBN___interpolation__FALSE___Clinical__Yes___TLR_Radiomics___64___Combine_FS__Results_compare_FS.RData","IVH_AVRI_;Stats_qc;Shape_areaDensity;IH_maxGra;GLSZM_HIS",0.646584082584083,0.542055555555556,0.640339105339105,0.746900488400488,0.542055555555556,0.65282905982906,0.367961927707608,0.306842502518832,0.45015552560092,0.389451878990651,0.306842502518832,0.346471976424565,0.683739100405767,0.599488782822116,0.677056277056277,0.690421923755257,0.821284271284271,0.599488782822116
"110","AUCpr___Ranking_FS___Med_FBN___interpolation__FALSE___Clinical__No___TLR_Radiomics___64___Combine_FS__Results_compare_FS.RData","IVH_AVRI_;Stats_c;Stats_qc;IH_maxGra;GLSZM_LIL",0.539247613497613,0.431684173669468,0.528511766011766,0.636507936507936,0.431684173669468,0.549983460983461,0.30450250528728,0.286312275426439,0.382004638064084,0.305773891674576,0.303231118899984,0.286312275426439,0.595040580334698,0.52638349305016,0.606701940035273,0.583379220634123,0.729051449639685,0.52638349305016
"111","AUCpr___Ranking_FS___Med_FBN___interpolation__FALSE___Clinical__Yes___TLR_Radiomics___ALL___Combine_FS__Results_compare_FS.RData","IVH_AVRI_;Stats_qc;Shape_areaDensity;IH_maxGra;GLSZM_HIS",0.646584082584083,0.542055555555556,0.640339105339105,0.746900488400488,0.542055555555556,0.65282905982906,0.367961927707608,0.306842502518832,0.45015552560092,0.389451878990651,0.306842502518832,0.346471976424565,0.683739100405767,0.599488782822116,0.677056277056277,0.690421923755257,0.821284271284271,0.599488782822116
"112","AUCpr___Ranking_FS___Med_FBN___interpolation__FALSE___Clinical__No___TLR_Radiomics___ALL___Combine_FS__Results_compare_FS.RData","IVH_AVRI_;Stats_c;Stats_qc;IH_maxGra;GLSZM_LIL",0.539247613497613,0.431684173669468,0.528511766011766,0.636507936507936,0.431684173669468,0.549983460983461,0.30450250528728,0.286312275426439,0.382004638064084,0.305773891674576,0.303231118899984,0.286312275426439,0.595040580334698,0.52638349305016,0.606701940035273,0.583379220634123,0.729051449639685,0.52638349305016
"113","AUCpr___Ranking_FS___Med_FBW_FBN___interpolation__TRUE___Clinical__Yes___OR_Radiomics___32___Combine_FS__Results_compare_FS.RData","Stats_qcod;IVH_RVRI_30;IVH_RVRI_50;IVH_RVRI_40;IVH_RVRI_20",0.454295661854485,0.405046287046287,0.405046287046287,0.448625763125763,0.459965560583208,0.475366153454389,0.380911157910183,0.347384986791747,0.347384986791747,0.37514082217232,0.386681493648045,0.386905190429316,0.578724747474747,0.530994468494469,0.555443322109989,0.602006172839506,0.530994468494469,0.758323158323158
"114","AUCpr___Ranking_FS___Med_FBW_FBN___interpolation__TRUE___Clinical__No___OR_Radiomics___32___Combine_FS__Results_compare_FS.RData","Stats_qcod;IVH_RVRI_20;IVH_RVRI_40;IVH_RVRI_60;IVH_RVRI_50",0.451722207531031,0.402189865689866,0.402189865689866,0.439733821733822,0.46371059332824,0.481538730876966,0.377165843926363,0.322705051150207,0.366479508551467,0.396389594884924,0.322705051150207,0.38785217930126,0.646407450574117,0.480270346937014,0.480270346937014,0.627575202575203,0.665239698573032,0.688481888481889
"115","AUCpr___Ranking_FS___Med_FBW_FBN___interpolation__TRUE___Clinical__Yes___OR_Radiomics___64___Combine_FS__Results_compare_FS.RData","Stats_qcod;IVH_RVRI_30;IVH_RVRI_50;IVH_RVRI_40;IVH_RVRI_20",0.454295661854485,0.405046287046287,0.405046287046287,0.448625763125763,0.459965560583208,0.475366153454389,0.380911157910183,0.347384986791747,0.347384986791747,0.37514082217232,0.386681493648045,0.386905190429316,0.578724747474747,0.530994468494469,0.555443322109989,0.602006172839506,0.530994468494469,0.758323158323158
"116","AUCpr___Ranking_FS___Med_FBW_FBN___interpolation__TRUE___Clinical__No___OR_Radiomics___64___Combine_FS__Results_compare_FS.RData","Stats_qcod;IVH_RVRI_20;IVH_RVRI_40;IVH_RVRI_60;IVH_RVRI_50",0.451722207531031,0.402189865689866,0.402189865689866,0.439733821733822,0.46371059332824,0.481538730876966,0.377165843926363,0.322705051150207,0.366479508551467,0.396389594884924,0.322705051150207,0.38785217930126,0.646407450574117,0.480270346937014,0.480270346937014,0.627575202575203,0.665239698573032,0.688481888481889
"117","AUCpr___Ranking_FS___Med_FBW_FBN___interpolation__TRUE___Clinical__Yes___OR_Radiomics___ALL___Combine_FS__Results_compare_FS.RData","Stats_qcod;IVH_RVRI_30;IVH_RVRI_50;IVH_RVRI_40;IVH_RVRI_20",0.454295661854485,0.405046287046287,0.405046287046287,0.448625763125763,0.459965560583208,0.475366153454389,0.380911157910183,0.347384986791747,0.347384986791747,0.37514082217232,0.386681493648045,0.386905190429316,0.578724747474747,0.530994468494469,0.555443322109989,0.602006172839506,0.530994468494469,0.758323158323158
"118","AUCpr___Ranking_FS___Med_FBW_FBN___interpolation__TRUE___Clinical__No___OR_Radiomics___ALL___Combine_FS__Results_compare_FS.RData","Stats_qcod;IVH_RVRI_20;IVH_RVRI_40;IVH_RVRI_60;IVH_RVRI_50",0.451722207531031,0.402189865689866,0.402189865689866,0.439733821733822,0.46371059332824,0.481538730876966,0.377165843926363,0.322705051150207,0.366479508551467,0.396389594884924,0.322705051150207,0.38785217930126,0.646407450574117,0.480270346937014,0.480270346937014,0.627575202575203,0.665239698573032,0.688481888481889
"119","AUCpr___Ranking_FS___Med_FBW_FBN___interpolation__TRUE___Clinical__Yes___TLR_Radiomics___32___Combine_FS__Results_compare_FS.RData","IVH_AVRI_90;IVH_RVRI_20;GLCM_clusShade;IVH_RVRI_50;Age",0.437488252352223,0.390779008573126,0.639352869352869,0.445980158730159,0.390779008573126,0.428996345974287,0.400851788056546,0.380757261674174,0.422482744542475,0.416747029060042,0.384956547053049,0.380757261674174,0.589102564102564,0.511568678235345,0.511568678235345,0.598605715272382,0.734074721574722,0.579599412932746
"120","AUCpr___Ranking_FS___Med_FBW_FBN___interpolation__TRUE___Clinical__No___TLR_Radiomics___32___Combine_FS__Results_compare_FS.RData","IVH_AVRI_90;GLCM_clusShade;IVH_AVRI_80;IVH_RVRI_90;IVH_RVRI_20",0.479607503607504,0.372462401705049,0.648733821733822,0.512936507936508,0.446278499278499,0.372462401705049,0.409171344470546,0.300052312501407,0.518150833335891,0.403916637849145,0.414426051091946,0.300052312501407,0.595339641295524,0.551074851074851,0.551074851074851,0.620417853751187,0.572542735042735,0.618136547548312
"121","AUCpr___Ranking_FS___Med_FBW_FBN___interpolation__TRUE___Clinical__Yes___TLR_Radiomics___64___Combine_FS__Results_compare_FS.RData","IVH_AVRI_90;IVH_RVRI_20;GLCM_clusShade;IVH_RVRI_50;Age",0.437488252352223,0.390779008573126,0.639352869352869,0.445980158730159,0.390779008573126,0.428996345974287,0.400851788056546,0.380757261674174,0.422482744542475,0.416747029060042,0.384956547053049,0.380757261674174,0.589102564102564,0.511568678235345,0.511568678235345,0.598605715272382,0.734074721574722,0.579599412932746
"122","AUCpr___Ranking_FS___Med_FBW_FBN___interpolation__TRUE___Clinical__No___TLR_Radiomics___64___Combine_FS__Results_compare_FS.RData","IVH_AVRI_90;GLCM_clusShade;IVH_AVRI_80;IVH_RVRI_90;IVH_RVRI_20",0.479607503607504,0.372462401705049,0.648733821733822,0.512936507936508,0.446278499278499,0.372462401705049,0.409171344470546,0.300052312501407,0.518150833335891,0.403916637849145,0.414426051091946,0.300052312501407,0.595339641295524,0.551074851074851,0.551074851074851,0.620417853751187,0.572542735042735,0.618136547548312
"123","AUCpr___Ranking_FS___Med_FBW_FBN___interpolation__TRUE___Clinical__Yes___TLR_Radiomics___ALL___Combine_FS__Results_compare_FS.RData","IVH_AVRI_90;IVH_RVRI_20;GLCM_clusShade;IVH_RVRI_50;Age",0.437488252352223,0.390779008573126,0.639352869352869,0.445980158730159,0.390779008573126,0.428996345974287,0.400851788056546,0.380757261674174,0.422482744542475,0.416747029060042,0.384956547053049,0.380757261674174,0.589102564102564,0.511568678235345,0.511568678235345,0.598605715272382,0.734074721574722,0.579599412932746
"124","AUCpr___Ranking_FS___Med_FBW_FBN___interpolation__TRUE___Clinical__No___TLR_Radiomics___ALL___Combine_FS__Results_compare_FS.RData","IVH_AVRI_90;GLCM_clusShade;IVH_AVRI_80;IVH_RVRI_90;IVH_RVRI_20",0.479607503607504,0.372462401705049,0.648733821733822,0.512936507936508,0.446278499278499,0.372462401705049,0.409171344470546,0.300052312501407,0.518150833335891,0.403916637849145,0.414426051091946,0.300052312501407,0.595339641295524,0.551074851074851,0.551074851074851,0.620417853751187,0.572542735042735,0.618136547548312
"125","AUCpr___Ranking_FS___Med_FBW_FBN___interpolation__FALSE___Clinical__Yes___OR_Radiomics___32___Combine_FS__Results_compare_FS.RData","Stats_qcod;IVH_RVRI_30;IVH_RVRI_50;IVH_RVRI_40;IVH_RVRI_20",0.454295661854485,0.405046287046287,0.405046287046287,0.448625763125763,0.459965560583208,0.475366153454389,0.380911157910183,0.347384986791747,0.347384986791747,0.37514082217232,0.386681493648045,0.386905190429316,0.578724747474747,0.530994468494469,0.555443322109989,0.602006172839506,0.530994468494469,0.758323158323158
"126","AUCpr___Ranking_FS___Med_FBW_FBN___interpolation__FALSE___Clinical__No___OR_Radiomics___32___Combine_FS__Results_compare_FS.RData","Stats_qcod;IVH_RVRI_20;IVH_RVRI_40;IVH_RVRI_60;IVH_RVRI_50",0.451722207531031,0.402189865689866,0.402189865689866,0.439733821733822,0.46371059332824,0.481538730876966,0.377165843926363,0.322705051150207,0.366479508551467,0.396389594884924,0.322705051150207,0.38785217930126,0.646407450574117,0.480270346937014,0.480270346937014,0.627575202575203,0.665239698573032,0.688481888481889
"127","AUCpr___Ranking_FS___Med_FBW_FBN___interpolation__FALSE___Clinical__Yes___OR_Radiomics___64___Combine_FS__Results_compare_FS.RData","Stats_qcod;IVH_RVRI_30;IVH_RVRI_50;IVH_RVRI_40;IVH_RVRI_20",0.454295661854485,0.405046287046287,0.405046287046287,0.448625763125763,0.459965560583208,0.475366153454389,0.380911157910183,0.347384986791747,0.347384986791747,0.37514082217232,0.386681493648045,0.386905190429316,0.578724747474747,0.530994468494469,0.555443322109989,0.602006172839506,0.530994468494469,0.758323158323158
"128","AUCpr___Ranking_FS___Med_FBW_FBN___interpolation__FALSE___Clinical__No___OR_Radiomics___64___Combine_FS__Results_compare_FS.RData","Stats_qcod;IVH_RVRI_20;IVH_RVRI_40;IVH_RVRI_60;IVH_RVRI_50",0.451722207531031,0.402189865689866,0.402189865689866,0.439733821733822,0.46371059332824,0.481538730876966,0.377165843926363,0.322705051150207,0.366479508551467,0.396389594884924,0.322705051150207,0.38785217930126,0.646407450574117,0.480270346937014,0.480270346937014,0.627575202575203,0.665239698573032,0.688481888481889
"129","AUCpr___Ranking_FS___Med_FBW_FBN___interpolation__FALSE___Clinical__Yes___OR_Radiomics___ALL___Combine_FS__Results_compare_FS.RData","Stats_qcod;IVH_RVRI_30;IVH_RVRI_50;IVH_RVRI_40;IVH_RVRI_20",0.454295661854485,0.405046287046287,0.405046287046287,0.448625763125763,0.459965560583208,0.475366153454389,0.380911157910183,0.347384986791747,0.347384986791747,0.37514082217232,0.386681493648045,0.386905190429316,0.578724747474747,0.530994468494469,0.555443322109989,0.602006172839506,0.530994468494469,0.758323158323158
"130","AUCpr___Ranking_FS___Med_FBW_FBN___interpolation__FALSE___Clinical__No___OR_Radiomics___ALL___Combine_FS__Results_compare_FS.RData","Stats_qcod;IVH_RVRI_20;IVH_RVRI_40;IVH_RVRI_60;IVH_RVRI_50",0.451722207531031,0.402189865689866,0.402189865689866,0.439733821733822,0.46371059332824,0.481538730876966,0.377165843926363,0.322705051150207,0.366479508551467,0.396389594884924,0.322705051150207,0.38785217930126,0.646407450574117,0.480270346937014,0.480270346937014,0.627575202575203,0.665239698573032,0.688481888481889
"131","AUCpr___Ranking_FS___Med_FBW_FBN___interpolation__FALSE___Clinical__Yes___TLR_Radiomics___32___Combine_FS__Results_compare_FS.RData","IVH_AVRI_90;IVH_RVRI_20;GLCM_clusShade;IVH_RVRI_50;Age",0.437488252352223,0.390779008573126,0.639352869352869,0.445980158730159,0.390779008573126,0.428996345974287,0.400851788056546,0.380757261674174,0.422482744542475,0.416747029060042,0.384956547053049,0.380757261674174,0.589102564102564,0.511568678235345,0.511568678235345,0.598605715272382,0.734074721574722,0.579599412932746
"132","AUCpr___Ranking_FS___Med_FBW_FBN___interpolation__FALSE___Clinical__No___TLR_Radiomics___32___Combine_FS__Results_compare_FS.RData","IVH_AVRI_90;GLCM_clusShade;IVH_AVRI_80;IVH_RVRI_90;IVH_RVRI_20",0.479607503607504,0.372462401705049,0.648733821733822,0.512936507936508,0.446278499278499,0.372462401705049,0.409171344470546,0.300052312501407,0.518150833335891,0.403916637849145,0.414426051091946,0.300052312501407,0.595339641295524,0.551074851074851,0.551074851074851,0.620417853751187,0.572542735042735,0.618136547548312
"133","AUCpr___Ranking_FS___Med_FBW_FBN___interpolation__FALSE___Clinical__Yes___TLR_Radiomics___64___Combine_FS__Results_compare_FS.RData","IVH_AVRI_90;IVH_RVRI_20;GLCM_clusShade;IVH_RVRI_50;Age",0.437488252352223,0.390779008573126,0.639352869352869,0.445980158730159,0.390779008573126,0.428996345974287,0.400851788056546,0.380757261674174,0.422482744542475,0.416747029060042,0.384956547053049,0.380757261674174,0.589102564102564,0.511568678235345,0.511568678235345,0.598605715272382,0.734074721574722,0.579599412932746
"134","AUCpr___Ranking_FS___Med_FBW_FBN___interpolation__FALSE___Clinical__No___TLR_Radiomics___64___Combine_FS__Results_compare_FS.RData","IVH_AVRI_90;GLCM_clusShade;IVH_AVRI_80;IVH_RVRI_90;IVH_RVRI_20",0.479607503607504,0.372462401705049,0.648733821733822,0.512936507936508,0.446278499278499,0.372462401705049,0.409171344470546,0.300052312501407,0.518150833335891,0.403916637849145,0.414426051091946,0.300052312501407,0.595339641295524,0.551074851074851,0.551074851074851,0.620417853751187,0.572542735042735,0.618136547548312
"135","AUCpr___Ranking_FS___Med_FBW_FBN___interpolation__FALSE___Clinical__Yes___TLR_Radiomics___ALL___Combine_FS__Results_compare_FS.RData","IVH_AVRI_90;IVH_RVRI_20;GLCM_clusShade;IVH_RVRI_50;Age",0.437488252352223,0.390779008573126,0.639352869352869,0.445980158730159,0.390779008573126,0.428996345974287,0.400851788056546,0.380757261674174,0.422482744542475,0.416747029060042,0.384956547053049,0.380757261674174,0.589102564102564,0.511568678235345,0.511568678235345,0.598605715272382,0.734074721574722,0.579599412932746
"136","AUCpr___Ranking_FS___Med_FBW_FBN___interpolation__FALSE___Clinical__No___TLR_Radiomics___ALL___Combine_FS__Results_compare_FS.RData","IVH_AVRI_90;GLCM_clusShade;IVH_AVRI_80;IVH_RVRI_90;IVH_RVRI_20",0.479607503607504,0.372462401705049,0.648733821733822,0.512936507936508,0.446278499278499,0.372462401705049,0.409171344470546,0.300052312501407,0.518150833335891,0.403916637849145,0.414426051091946,0.300052312501407,0.595339641295524,0.551074851074851,0.551074851074851,0.620417853751187,0.572542735042735,0.618136547548312
